{
  "project_info": {
    "project_number": "73019660337",
    "project_id": "covid19app-35b99",
    "storage_bucket": "covid19app-35b99.appspot.com"
  },
  "client": [
    {
      "client_info": {
        "mobilesdk_app_id": "1:73019660337:android:269a78495370b27eec5d10",
        "android_client_info": {
          "package_name": "com.example.covid19app"
        }
      },
      "oauth_client": [
        {
          "client_id": "73019660337-64foebklf8lrktibbg9r87dto6k1u5sp.apps.googleusercontent.com",
          "client_type": 3
        }
      ],
      "api_key": [
        {
          "current_key": "AIzaSyCvhUJqhrOsmLQ1l9MibqNUuqSwwZ_lLVI"
        }
      ],
      "services": {
        "appinvite_service": {
          "other_platform_oauth_client": [
            {
              "client_id": "73019660337-64foebklf8lrktibbg9r87dto6k1u5sp.apps.googleusercontent.com",
              "client_type": 3
            }
          ]
        }
      }
    }
  ],
  "configuration_version": "1"
}